{
  "Use Custom Tab Title" : false,
  "Tags" : [

  ],
  "Ansi 12 Color" : {
    "Red Component" : 0.56893712282180786,
    "Color Space" : "sRGB",
    "Blue Component" : 0.95524805784225464,
    "Alpha Component" : 1,
    "Green Component" : 1
  },
  "Use Non-ASCII Font" : true,
  "Ansi 6 Color" : {
    "Red Component" : 0.33705013990402222,
    "Color Space" : "sRGB",
    "Blue Component" : 0.76068741083145142,
    "Alpha Component" : 1,
    "Green Component" : 0.71376746892929077
  },
  "Bold Color" : {
    "Red Component" : 0,
    "Color Space" : "sRGB",
    "Blue Component" : 0.76517301797866821,
    "Alpha Component" : 1,
    "Green Component" : 0.73225933313369751
  },
  "Normal Font" : "MonaspaceNeonVar-SemiBold 16",
  "Ansi 1 Color" : {
    "Red Component" : 1,
    "Color Space" : "sRGB",
    "Blue Component" : 0.49770909547805786,
    "Alpha Component" : 1,
    "Green Component" : 0.41959124803543091
  },
  "Link Color" : {
    "Red Component" : 0.97297912836074829,
    "Color Space" : "sRGB",
    "Blue Component" : 0.19944745302200317,
    "Alpha Component" : 1,
    "Green Component" : 0.57277584075927734
  },
  "Rows" : 25,
  "Default Bookmark" : "No",
  "Ansi 2 Color" : {
    "Red Component" : 0,
    "Color Space" : "sRGB",
    "Blue Component" : 0.61091166734695435,
    "Alpha Component" : 1,
    "Green Component" : 0.74020135402679443
  },
  "Blend" : 0.097596807065217395,
  "Cursor Guide Color" : {
    "Red Component" : 0.70213186740875244,
    "Color Space" : "sRGB",
    "Blue Component" : 1,
    "Alpha Component" : 0.039215686274509803,
    "Green Component" : 0.9268307089805603
  },
  "Non-ASCII Anti Aliased" : false,
  "Use Bright Bold" : true,
  "Ansi 10 Color" : {
    "Red Component" : 0.59597164392471313,
    "Color Space" : "sRGB",
    "Blue Component" : 0.47444945573806763,
    "Alpha Component" : 1,
    "Green Component" : 0.76474422216415405
  },
  "Icon" : 0,
  "Ambiguous Double Width" : false,
  "Jobs to Ignore" : [
    "rlogin",
    "ssh",
    "slogin",
    "telnet"
  ],
  "Ansi 15 Color" : {
    "Red Component" : 0.99999600648880005,
    "Color Space" : "sRGB",
    "Blue Component" : 1,
    "Alpha Component" : 1,
    "Green Component" : 1
  },
  "Foreground Color" : {
    "Red Component" : 0.79992932081222534,
    "Color Space" : "sRGB",
    "Blue Component" : 0.79990392923355103,
    "Alpha Component" : 1,
    "Green Component" : 0.80004531145095825
  },
  "Working Directory" : "\/Users\/alex",
  "Blinking Cursor" : false,
  "Disable Window Resizing" : true,
  "Sync Title" : false,
  "Prompt Before Closing 2" : false,
  "BM Growl" : true,
  "Command" : "",
  "Description" : "Default",
  "Mouse Reporting" : true,
  "Screen" : -1,
  "Selection Color" : {
    "Red Component" : 0.13333648443222046,
    "Color Space" : "sRGB",
    "Blue Component" : 0.14507603645324707,
    "Alpha Component" : 1,
    "Green Component" : 0.019615406170487404
  },
  "Initial Use Transparency" : true,
  "Columns" : 80,
  "Idle Code" : 0,
  "Background Image Mode" : 2,
  "Ansi 13 Color" : {
    "Red Component" : 0.85490357875823975,
    "Color Space" : "sRGB",
    "Blue Component" : 0.83911812305450439,
    "Alpha Component" : 1,
    "Green Component" : 0.43925678730010986
  },
  "Title Components" : 2,
  "Custom Command" : "No",
  "ASCII Anti Aliased" : true,
  "Non Ascii Font" : "MonaspiceNeNF-Medium 16",
  "Vertical Spacing" : 1,
  "Use Bold Font" : true,
  "Option Key Sends" : 0,
  "Selected Text Color" : {
    "Red Component" : 0.95825737714767456,
    "Color Space" : "sRGB",
    "Blue Component" : 0.95826774835586548,
    "Alpha Component" : 1,
    "Green Component" : 0.95827978849411011
  },
  "Background Color" : {
    "Red Component" : 0.098762549459934235,
    "Color Space" : "sRGB",
    "Blue Component" : 0.13601455092430115,
    "Alpha Component" : 1,
    "Green Component" : 0.074838168919086456
  },
  "Character Encoding" : 4,
  "Ansi 11 Color" : {
    "Red Component" : 0.97785872220993042,
    "Color Space" : "sRGB",
    "Blue Component" : 0.41858693957328796,
    "Alpha Component" : 1,
    "Green Component" : 0.89434021711349487
  },
  "Non-ASCII Ligatures" : false,
  "Use Italic Font" : true,
  "Unlimited Scrollback" : false,
  "Keyboard Map" : {
    "0xf700-0x260000" : {
      "Action" : 10,
      "Text" : "[1;6A"
    },
    "0x37-0x40000" : {
      "Action" : 11,
      "Text" : "0x1f"
    },
    "0x32-0x40000" : {
      "Action" : 11,
      "Text" : "0x00"
    },
    "0xf709-0x20000" : {
      "Action" : 10,
      "Text" : "[17;2~"
    },
    "0xf70c-0x20000" : {
      "Action" : 10,
      "Text" : "[20;2~"
    },
    "0xf729-0x20000" : {
      "Action" : 10,
      "Text" : "[1;2H"
    },
    "0xf72b-0x40000" : {
      "Action" : 10,
      "Text" : "[1;5F"
    },
    "0xf705-0x20000" : {
      "Action" : 10,
      "Text" : "[1;2Q"
    },
    "0xf703-0x260000" : {
      "Action" : 10,
      "Text" : "[1;6C"
    },
    "0xf700-0x220000" : {
      "Action" : 10,
      "Text" : "[1;2A"
    },
    "0xf701-0x280000" : {
      "Action" : 11,
      "Text" : "0x1b 0x1b 0x5b 0x42"
    },
    "0x38-0x40000" : {
      "Action" : 11,
      "Text" : "0x7f"
    },
    "0x33-0x40000" : {
      "Action" : 11,
      "Text" : "0x1b"
    },
    "0xf703-0x220000" : {
      "Action" : 10,
      "Text" : "[1;2C"
    },
    "0xf701-0x240000" : {
      "Action" : 10,
      "Text" : "[1;5B"
    },
    "0xf70d-0x20000" : {
      "Action" : 10,
      "Text" : "[21;2~"
    },
    "0xf702-0x260000" : {
      "Action" : 10,
      "Text" : "[1;6D"
    },
    "0xf729-0x40000" : {
      "Action" : 10,
      "Text" : "[1;5H"
    },
    "0xf706-0x20000" : {
      "Action" : 10,
      "Text" : "[1;2R"
    },
    "0x34-0x40000" : {
      "Action" : 11,
      "Text" : "0x1c"
    },
    "0xf700-0x280000" : {
      "Action" : 11,
      "Text" : "0x1b 0x1b 0x5b 0x41"
    },
    "0x2d-0x40000" : {
      "Action" : 11,
      "Text" : "0x1f"
    },
    "0xf70e-0x20000" : {
      "Action" : 10,
      "Text" : "[23;2~"
    },
    "0xf702-0x220000" : {
      "Action" : 10,
      "Text" : "[1;2D"
    },
    "0xf703-0x280000" : {
      "Action" : 11,
      "Text" : "0x1b 0x1b 0x5b 0x43"
    },
    "0xf700-0x240000" : {
      "Action" : 10,
      "Text" : "[1;5A"
    },
    "0xf707-0x20000" : {
      "Action" : 10,
      "Text" : "[1;2S"
    },
    "0xf70a-0x20000" : {
      "Action" : 10,
      "Text" : "[18;2~"
    },
    "0x35-0x40000" : {
      "Action" : 11,
      "Text" : "0x1d"
    },
    "0xf70f-0x20000" : {
      "Action" : 10,
      "Text" : "[24;2~"
    },
    "0xf703-0x240000" : {
      "Action" : 10,
      "Text" : "[1;5C"
    },
    "0xf701-0x260000" : {
      "Action" : 10,
      "Text" : "[1;6B"
    },
    "0xf702-0x280000" : {
      "Action" : 11,
      "Text" : "0x1b 0x1b 0x5b 0x44"
    },
    "0xf72b-0x20000" : {
      "Action" : 10,
      "Text" : "[1;2F"
    },
    "0x36-0x40000" : {
      "Action" : 11,
      "Text" : "0x1e"
    },
    "0xf708-0x20000" : {
      "Action" : 10,
      "Text" : "[15;2~"
    },
    "0xf701-0x220000" : {
      "Action" : 10,
      "Text" : "[1;2B"
    },
    "0xf70b-0x20000" : {
      "Action" : 10,
      "Text" : "[19;2~"
    },
    "0xf702-0x240000" : {
      "Action" : 10,
      "Text" : "[1;5D"
    },
    "0xf704-0x20000" : {
      "Action" : 10,
      "Text" : "[1;2P"
    }
  },
  "Window Type" : 0,
  "Blur Radius" : 5.1140292553191511,
  "Blur" : false,
  "Badge Color" : {
    "Red Component" : 1,
    "Color Space" : "sRGB",
    "Blue Component" : 0,
    "Alpha Component" : 0.5,
    "Green Component" : 0.1491314172744751
  },
  "Scrollback Lines" : 1000,
  "Send Code When Idle" : false,
  "Close Sessions On End" : true,
  "Terminal Type" : "xterm-256color",
  "Visual Bell" : true,
  "Flashing Bell" : false,
  "Silence Bell" : false,
  "Ansi 14 Color" : {
    "Red Component" : 0.73735731840133667,
    "Color Space" : "sRGB",
    "Blue Component" : 0.99814850091934204,
    "Alpha Component" : 1,